,JNJ,LNG,MSFT,TSLA,V
JNJ,0.00015761387904614363,6.586568867182782e-05,0.0001104562335188892,7.325622629879481e-05,0.00010466552580371383
LNG,6.586568867182782e-05,0.0005656312064336902,0.00014526797048180893,0.00021179795327252467,0.00017488929939508507
MSFT,0.0001104562335188892,0.00014526797048180893,0.0003064746332176697,0.00026605533807061546,0.0002180179273872057
TSLA,7.325622629879481e-05,0.00021179795327252467,0.00026605533807061546,0.001322277451003558,0.0002304152968606284
V,0.00010466552580371383,0.00017488929939508507,0.0002180179273872057,0.0002304152968606284,0.0002706379587480534
